フラグ,コード,歌手,タイトル,リンク
FIX,1,BGM,"深夜ジャズ 1",QyzK21nx70o
FIX,2,BGM,"深夜ジャズ 2",vh4TWlwYfLc
FIX,3,BGM,"静寂ピアノ 1",g_NQsSxaPpw
FIX,4,BGM,"静寂ピアノ 2",biHxC8IkeVQ
FIX,5,BGM,"夜のLo-Fi 1",ZBrmNO92OTI
FIX,6,BGM,"夜のLo-Fi 2",cIZhlFIyJ_Y
FIX,7,70s,"70's フォーク",qeaiWwQwwMo
FIX,8,昭和,昭和歌謡曲,SJ-CyDbxH9I
FIX,9,演歌,演歌・酒場唄,tHk7TBoCZ8E
FIX,10,歌姫,歌姫特撰,NoCs-3cxA4I
SIGNAL,100,ソフィー,みずいろのシグナル,2vfCbdmKhMw
E,111,美空ひばり,川の流れのように,https://www.youtube.com/watch?v=dSslJ60qBbU
E,112,美空ひばり,愛燦燦,https://www.youtube.com/watch?v=uYK1roeKZXs
E,113,美空ひばり,真赤な太陽,https://www.youtube.com/watch?v=IKSJvsvO6Yg
E,114,美空ひばり,悲しい酒,https://www.youtube.com/watch?v=DBpqqhORgYQ
E,115,美空ひばり,人生一路,https://www.youtube.com/watch?v=FF1TK_bqSR4
E,116,美空ひばり,35周年記念リサイタル・武道館ライブ,https://www.youtube.com/watch?v=C_cbsuPacIQ
E,121,石川さゆり,津軽海峡・冬景色,https://www.youtube.com/watch?v=QhGJQcN70gU
E,122,石川さゆり,天城越え,https://www.youtube.com/watch?v=jVkQm4Fpui8
E,123,石川さゆり,ウイスキーがお好きでしょ,https://www.youtube.com/watch?v=1EIfjyi9Lv0
E,124,石川さゆり,能登半島,https://www.youtube.com/watch?v=c3GRMAdnCwY
E,125,石川さゆり,風の盆恋歌,https://www.youtube.com/watch?v=EM70pP397Qo
E,126,石川さゆり,曽根崎心中（15周年記念）,https://www.youtube.com/watch?v=4fFgxnvhlLY
E,127,石川さゆり,"夢～大阪つばめ 1991",https://www.youtube.com/watch?v=EHYKg-0n2q0
E,128,石川さゆり,"夫婦善哉 1987",https://www.youtube.com/watch?v=cCzkQn11704
E,129,石川さゆり,"石川さゆり 2021 スタートコンサート",https://www.youtube.com/watch?v=bi3jbSPHmSc
E,131,藤圭子,圭子の夢は夜ひらく,https://www.youtube.com/watch?v=oSJhlPyVqMY
E,132,藤圭子,新宿の女,https://www.youtube.com/watch?v=47XPXt-GEac
E,133,藤圭子,命預けます,https://www.youtube.com/watch?v=tA7a9V3gU5M
E,134,藤圭子,京都から博多まで,https://www.youtube.com/watch?v=VwoJ58Xqz1c
E,135,藤圭子,女のブルース,https://www.youtube.com/watch?v=984SLLvdahw
E,136,藤圭子,"「藤 圭子」代表曲メドレー",https://www.youtube.com/watch?v=tTQB1-WowsY
E,137,藤圭子,"1970年 日本歌謡大賞 受賞映像",https://www.youtube.com/watch?v=iwJRp-fWP2k
E,141,北島三郎,北の漁場,https://www.youtube.com/watch?v=dNRx63SBNdE
E,142,北島三郎,まつり,https://www.youtube.com/watch?v=VGSQxaZY9R4
E,143,北島三郎,与作,https://www.youtube.com/watch?v=R45N2MCI85g
E,144,北島三郎,風雪ながれ旅,https://www.youtube.com/watch?v=jSSJOV-utIM
E,145,北島三郎,函館の女,https://www.youtube.com/watch?v=z_4w5xTNJQU
E,146,北島三郎,帰ろかな,https://www.youtube.com/watch?v=epJNtSZ5mWI
E,147,北島三郎,兄弟仁義,https://www.youtube.com/watch?v=heb1TCio0zM
E,151,都はるみ,北の宿から,http://www.youtube.com/watch?v=tA4QR2iwAFk
E,152,都はるみ,好きになった人,http://www.youtube.com/watch?v=UMwm_BZ7Jpw
E,153,都はるみ,大阪しぐれ,http://www.youtube.com/watch?v=RLelC5By3so
E,154,都はるみ,難波恋しぐれ,https://www.youtube.com/watch?v=o8HaWWi8908
E,155,都はるみ,アンコ椿は恋の花,http://www.youtube.com/watch?v=hXBGGvEjsQQ
E,156,都はるみ,涙の連絡船,https://www.youtube.com/watch?v=kf3aWZjrMeY
E,157,都はるみ,小樽運河,http://www.youtube.com/watch?v=MXwlTjf3ZZQ
E,158,都はるみ,古都逍遥,https://www.youtube.com/watch?v=jlcvgLrFwwI
E,159,都はるみ,"さようならコンサート 1984年",http://www.youtube.com/watch?v=3_cw1xxHX6I
E,160,都はるみ,"都はるみ - スペシャルライブ映像",https://www.youtube.com/watch?v=YTETwBQc6M0
E,161,五木ひろし,千曲川,https://www.youtube.com/watch?v=C0_S7JD7DbA
E,162,五木ひろし,長良川艶歌,https://www.youtube.com/watch?v=kqiJT0LW-aA
E,163,五木ひろし,よこはま・たそがれ,http://www.youtube.com/watch?v=qzqeBT0cG3M
E,164,五木ひろし,細雪,http://www.youtube.com/watch?v=sVlbwF47mhY
E,165,五木ひろし,山河,http://www.youtube.com/watch?v=uS4Uu1zmv-I
E,166,五木ひろし,"1991年 NHK名場面集",http://www.youtube.com/watch?v=kqiJT0LW-aA
E,167,五木ひろし,"コンサートinブラジル (2015)",http://www.youtube.com/watch?v=297aBfPEemQ
E,191,YAKUZAソング,"花と竜　　　　　　　　　 村田英雄",https://www.youtube.com/watch?v=B0zcFtzqKWw
E,192,YAKUZAソング,"王将　　　　　　　　　　 村田英雄",https://www.youtube.com/watch?v=yOQes-CyAcg
E,193,YAKUZAソング,"旅姿三人男　　　　　　　 ディックミネ",https://www.youtube.com/watch?v=vtF858Alxvk
E,194,YAKUZAソング,"会津の小鉄　　　　　　　 京山幸枝若",https://www.youtube.com/watch?v=X2WiYtxpCWk
E,195,YAKUZAソング,"神奈川水滸伝　　　　　　 北島三郎",https://www.youtube.com/watch?v=lpLxuA36lsA
E,196,YAKUZAソング,"唐獅子牡丹　　　　　　　 高倉健",https://www.youtube.com/watch?v=LmzVr4W_p1s
E,197,YAKUZAソング,"緋牡丹博徒　　　　　　　 藤純子",https://www.youtube.com/watch?v=jB5N8DxDz24
E,198,YAKUZAソング,"傷だらけの人生　　　　　 鶴田浩二",https://www.youtube.com/watch?v=8lXOiTTsrJY
E,199,YAKUZAソング,懐かしの任侠・股旅流行歌,https://www.youtube.com/watch?v=nuS7vtiJqRA
J,201,テレサ・テン,時の流れに身をまかせ,http://www.youtube.com/watch?v=PWP_PXXb2Rc
J,202,テレサ・テン,つぐない,http://www.youtube.com/watch?v=Dm_HcJj9i4g
J,203,テレサ・テン,愛人,http://www.youtube.com/watch?v=Km0tMGHIAHU
J,204,テレサ・テン,空港,http://www.youtube.com/watch?v=Vr6AxVGpTC0
J,205,テレサ・テン,何日君再来,https://www.youtube.com/watch?v=wGtRsEgKuFU
J,206,テレサ・テン,"テレサ・テン メモリアルTV",http://www.youtube.com/watch?v=Ay2iO-rBgQQ
J,207,テレサ・テン,"1985 NHKホール コンサートメドレー",http://www.youtube.com/watch?v=opdo4Qux1tI
J,211,八代亜紀,なみだ恋,https://www.youtube.com/watch?v=8NxNJbODJW8
J,212,八代亜紀,舟唄,http://www.youtube.com/watch?v=yGI0QZ4Gk34
J,213,八代亜紀,雨の慕情,http://www.youtube.com/watch?v=FZMWYN8pzG0
J,214,八代亜紀,愛の終着駅,https://www.youtube.com/watch?v=oLUIKWm5CA0
J,215,八代亜紀,もう一度逢いたい,http://www.youtube.com/watch?v=98foGwLGN2o
J,216,八代亜紀,おんな港町,https://www.youtube.com/watch?v=U-oqRp6276M
J,217,八代亜紀,"八代亜紀 熱唱！ひとり舞台",http://www.youtube.com/watch?v=pnF1CY-ZI8U
J,218,八代亜紀,"八代亜紀メモリアル 5曲メドレー",http://www.youtube.com/watch?v=cwGDGWiQh2w
J,221,太田裕美,木綿のハンカチーフ,http://www.youtube.com/watch?v=PC_oQmjcxLo
J,222,太田裕美,さらばシベリア鉄道,http://www.youtube.com/watch?v=6zU42eKjOpo
J,223,太田裕美,九月の雨,http://www.youtube.com/watch?v=WFWuf4m_20c
J,224,太田裕美,赤いハイヒール,https://www.youtube.com/watch?v=1vdRWGeF8nA
J,225,太田裕美,ドール,https://www.youtube.com/watch?v=NH65Txsu_4w
J,226,太田裕美,"太田裕美コンサート ～25年間の軌跡～",http://www.youtube.com/watch?v=8dPfqk5Skjo
J,227,太田裕美,"ザ・ライブ／太田裕美 1981年",http://www.youtube.com/watch?v=SPk6BmJkL7w
J,231,尾崎紀世彦,また逢う日まで,https://www.youtube.com/watch?v=dXEFeL3YzUI
J,232,尾崎紀世彦,さよならをもう一度,http://www.youtube.com/watch?v=ZwRqq4CdJAo
J,233,尾崎紀世彦,五月のバラ,http://www.youtube.com/watch?v=cxwTlbjlsAI
J,234,尾崎紀世彦,愛する人はひとり,https://www.youtube.com/watch?v=85SVwDG6-Bo
J,235,尾崎紀世彦,ゴッドファーザー・愛のテーマ,https://www.youtube.com/watch?v=OPLYxE9JknY
J,236,尾崎紀世彦,尾崎紀世彦コンサート1998,http://www.youtube.com/watch?v=VM0lEF6HBDA
J,237,尾崎紀世彦,尾崎紀世彦コンサート1995,http://www.youtube.com/watch?v=9HQlLRNohzk
J,241,布施明,シクラメンのかほり,https://www.youtube.com/watch?v=4kfuNnOGrBg
J,242,布施明,君は薔薇より美しい,http://www.youtube.com/watch?v=UIcBM6nqnIY
J,243,布施明,霧の摩周湖,https://www.youtube.com/watch?v=ChkrIzClU-Y
J,244,布施明,マイ・ウェイ,http://www.youtube.com/watch?v=FOk_pWnhz70
J,245,布施明,愛の終りに,http://www.youtube.com/watch?v=1fG-ghaS1s8
J,246,布施明,積み木の部屋,https://www.youtube.com/watch?v=fHH7DwWpCQ8
J,247,布施明,そっとおやすみ,https://www.youtube.com/watch?v=uDLWI73OKmo
J,248,布施明,"ライブ・ダイジェスト 2021-22 TOUR",https://www.youtube.com/watch?v=QMr5rWsrBIU
J,249,布施明,"ドラマティックコンサート '90",http://www.youtube.com/watch?v=KxCm_gJpcjk
J,250,布施明,"AKIRA FUSE LIVETOUR2023-2024",http://www.youtube.com/watch?v=L-lwjx0AJhs
J,251,沢田研二,勝手にしやがれ,https://www.youtube.com/watch?v=aFAdojrMoao
J,252,沢田研二,時の過ぎゆくままに,https://www.youtube.com/watch?v=ra5U80IZ1yk
J,253,沢田研二,TOKIO,https://www.youtube.com/watch?v=hUfTDQru5yI
J,254,沢田研二,カサブランカ・ダンディ,https://www.youtube.com/watch?v=gvI_7tAlsGc
J,255,沢田研二,危険なふたり,https://www.youtube.com/watch?v=zKgIZOduV6E
J,256,沢田研二,君をのせて,https://www.youtube.com/watch?v=FnAUqZSf_-8
J,257,沢田研二,サムライ,https://www.youtube.com/watch?v=VwbuMj7lilU
J,258,沢田研二,"年越し特大LIVE プレミア映像",https://www.youtube.com/watch?v=7UK2bsapI7U
J,259,沢田研二,"沢田研二LIVE2026 「freedom 」",https://www.youtube.com/watch?v=c2cT5x3ngRA
J,261,谷村新司,"昴 -すばる-",https://www.youtube.com/watch?v=Klm427Z_v98
J,262,谷村新司,チャンピオン,https://www.youtube.com/watch?v=Sr0tITCF5XQ
J,263,谷村新司,いい日旅立ち,https://www.youtube.com/watch?v=0Gk11OZVbFQ
J,264,谷村新司,遠くで汽笛を聞きながら,https://www.youtube.com/watch?v=5EbhbzqQnio
J,265,谷村新司,冬の稲妻,https://www.youtube.com/watch?v=w7R7yS7rpsE
J,266,谷村新司,"ALICE GREAT50  2022",https://www.youtube.com/watch?v=uO_2rhTuldk
J,267,谷村新司,"青山劇場リサイタル「THE FINAL」",https://www.youtube.com/watch?v=KBGHthzmsNA
J,271,加藤登紀子,知床旅情,http://www.youtube.com/watch?v=OGXCachBfYY
J,272,加藤登紀子,時には昔の話を,http://www.youtube.com/watch?v=cAHRQYo9ScY
J,273,加藤登紀子,百万本のバラ,http://www.youtube.com/watch?v=aH3skjS7_c8
J,274,加藤登紀子,琵琶湖周航の歌,http://www.youtube.com/watch?v=tPxP9W2M2eY
J,275,加藤登紀子,さくらんぼの実る頃,http://www.youtube.com/watch?v=qWj-YN-cVFI
J,276,加藤登紀子,【愛のくらし】1995年30thコンサート,http://www.youtube.com/watch?v=Gl_6vLHLegM
J,277,加藤登紀子,"HOROYOI Concert 2023 (80th Birthday)",http://www.youtube.com/watch?v=EBgRCR_FWhQ
J,281,森進一,襟裳岬,https://www.youtube.com/watch?v=KNUT1OBe2ds
J,282,森進一,冬のリヴィエラ,https://www.youtube.com/watch?v=x5Ki7eT7AzA
J,283,森進一,港町ブルース,https://www.youtube.com/watch?v=zNY7Tg6FWcQ
J,284,森進一,おふくろさん,https://www.youtube.com/watch?v=BqgDo3WYE-s
J,285,森進一,北の螢,https://www.youtube.com/watch?v=Xfh5EJuYa94
J,286,森進一,命かれても,https://www.youtube.com/watch?v=KUdJ6-A3gW4
J,287,森進一,"熱唱の森進一 オン・ステージ (1975年)",https://www.youtube.com/watch?v=fw7COKz4wjA
J,288,森進一,歌謡プレミアム特別版（デビュー55周年・喜寿記念）,https://www.youtube.com/watch?v=55LezxfW3Mc
J,291,内山田洋とクール・ファイブ,長崎は今日も雨だった,http://www.youtube.com/watch?v=EKQfa2MpvOc
J,292,内山田洋とクール・ファイブ,そして神戸,https://www.youtube.com/watch?v=Xw_Hhw5O9tk
J,293,内山田洋とクール・ファイブ,中の島ブルース,https://www.youtube.com/watch?v=4tIemUYZXpU
J,294,内山田洋とクール・ファイブ,東京砂漠,http://www.youtube.com/watch?v=zdJPza_5OeY
J,295,内山田洋とクール・ファイブ,噂の女,http://www.youtube.com/watch?v=WMck5ro54AE
J,296,内山田洋とクール・ファイブ,逢わずに愛して,https://www.youtube.com/watch?v=4s1c_a945bc
J,297,内山田洋とクール・ファイブ,西海ブルース,https://www.youtube.com/watch?v=4Sp07xo8qVo
J,298,内山田洋とクール・ファイブ,北ホテル,https://www.youtube.com/watch?v=s2lWOr9rIFY
J,299,内山田洋とクール・ファイブ,"内山田洋とクールファイブ Golden Best",https://www.youtube.com/watch?v=eIQavtrBHXU
J,301,石原裕次郎,北の旅人,http://www.youtube.com/watch?v=nscgI37ssDA
J,302,石原裕次郎,ブランデーグラス,http://www.youtube.com/watch?v=ekXuqZm0MmU
J,303,石原裕次郎,夜霧よ今夜も有難う,http://www.youtube.com/watch?v=rVG3x1BsE-4
J,304,石原裕次郎,嵐を呼ぶ男,http://www.youtube.com/watch?v=zyg-Ps9AyVs
J,305,石原裕次郎,恋の町札幌,https://www.youtube.com/watch?v=-9WsT6f3sCE
J,305,石原裕次郎,二人の世界,https://www.youtube.com/watch?v=tlzjWo0CO64
J,306,石原裕次郎,わが人生に悔いなし,https://www.youtube.com/watch?v=YnhIDLdxzAE
J,307,石原裕次郎,"銀座の恋の物語（with 牧村旬子）",http://www.youtube.com/watch?v=9d52856ejiE
J,308,石原裕次郎,"夕陽の丘（with 浅丘ルリ子）",https://www.youtube.com/watch?v=Cq5Vtv4hE5U
J,309,石原裕次郎,嵐を呼ぶ男（ジョージ川口ら豪華伴奏版）,http://www.youtube.com/watch?v=ABHwyqmIuJA
J,310,石原裕次郎,"石原裕次郎 デュエット・ライブ映像集",http://www.youtube.com/watch?v=hcxnQ7d8_YI
J,311,内藤やす子,弟よ,http://www.youtube.com/watch?v=zZDyE1je-fI
J,312,内藤やす子,想い出ぼろぼろ,http://www.youtube.com/watch?v=OPqsGG3zSFY
J,313,内藤やす子,六本木ララバイ,https://www.youtube.com/watch?v=6mjX-tGetoc
J,314,内藤やす子,ラヴ・イズ・オーヴァー,http://www.youtube.com/watch?v=40yZMJQ4VBk
J,315,内藤やす子,六本木ララバイ（紅白歌合戦）,http://www.youtube.com/watch?v=42PUYxS28Xo
J,321,加山雄三,君といつまでも,https://www.youtube.com/watch?v=bBhe_flTjU0
J,322,加山雄三,旅人よ,https://www.youtube.com/watch?v=CblEU4ByJlI
J,323,加山雄三,お嫁においで,https://www.youtube.com/watch?v=fg1iCHAedfY
J,324,加山雄三,"海 その愛",https://www.youtube.com/watch?v=EgV2_71s3oA
J,325,加山雄三,蒼い星くず,https://www.youtube.com/watch?v=mjOTh7GwA2M
J,326,加山雄三,光進丸,https://www.youtube.com/watch?v=1p3xMwGUims
J,327,加山雄三,"加山雄三 CONCERT TOUR '91",https://www.youtube.com/watch?v=qem3tvLm6P0
J,328,加山雄三,"「君といつまでも」 @ 朝霧JAM'22",https://www.youtube.com/watch?v=NlXUkBjRwTM
J,331,由紀さおり,夜明けのスキャット,https://www.youtube.com/watch?v=mvssMZIwtjA
J,332,由紀さおり,手紙,https://www.youtube.com/watch?v=uvqfQYsbM4U
J,333,由紀さおり,挽歌,https://www.youtube.com/watch?v=AnLrUB-oGnE
J,334,由紀さおり,ルーム・ライト,https://www.youtube.com/watch?v=84u8Mz6Xfvo
J,335,由紀さおり,恋文,https://www.youtube.com/watch?v=LEPTkktV1Zo
J,336,由紀さおり,1970年前後の歌唱クリップ,https://www.youtube.com/watch?v=vFusnc1m7bk
J,337,由紀さおり,"人生歌がある　ライブ・チャレンジ2026",https://www.youtube.com/watch?v=I_PYSTZDhuc
J,341,一青窈,ハナミズキ,https://www.youtube.com/watch?v=TngUo1gDNOg
J,342,一青窈,もらい泣き,http://youtube.com/watch?v=gmxw6nAz6vY
J,343,一青窈,江戸ポルカ,https://www.youtube.com/watch?v=OcTcizw3hh8
J,344,一青窈,"★夢街バンスキング ～はいらんせ～ / 2005",https://www.youtube.com/watch?v=yQyfDWSstLo
J,345,一青窈,"「ハナミズキ / 冬めく / うんと幸せ」PART5",https://www.youtube.com/watch?v=K3D2p8WeMSQ
J,351,高橋真梨子,桃色吐息,http://www.youtube.com/watch?v=6DSP71Dt1Xs
J,352,高橋真梨子,ごめんね…,http://www.youtube.com/watch?v=mFODVY308cc
J,353,高橋真梨子,別れの朝,https://www.youtube.com/watch?v=Yi-HZfZJIpg
J,354,高橋真梨子,ジョニィへの伝言,https://www.youtube.com/watch?v=JcSbTMLcryA
J,355,高橋真梨子,五番街のマリーへ,http://www.youtube.com/watch?v=7UERROu3EjE
J,356,高橋真梨子,"1993年 カーネギーホール・ライブ（for you）",http://www.youtube.com/watch?v=3j4_t1VpU5A
J,357,高橋真梨子,"1979年 ソロ1stコンサート映像（ジョニィへの伝言）",http://www.youtube.com/watch?v=muYcnBYiekI
J,361,李香蘭,夜来香（イエライシャン）,https://www.youtube.com/watch?v=d_b4orXmWjs
J,362,李香蘭,蘇州夜曲,https://www.youtube.com/watch?v=NsWc9haiNyE
J,363,李香蘭,何日君再来（ホーリーチンツァイライ）,https://www.youtube.com/watch?v=uuAczdK377c
J,364,李香蘭,売糖歌（まいとうか）,https://www.youtube.com/watch?v=7jdFS87FCdM
J,366,李香蘭,映画「支那の夜」,https://www.youtube.com/watch?v=gMQQEeJJCto
J,371,この１曲,"君が代　　　　　　　　　 鶫真衣",https://www.youtube.com/watch?v=8kFWwuiUdT4
J,372,この１曲,"青葉城恋唄　　　　　　　 さとう宗幸",http://www.youtube.com/watch?v=u-GYBCktieU
J,373,この１曲,"『いちご白書』をもう一度 バンバン",http://www.youtube.com/watch?v=CMnpxTQRogE
J,374,この１曲,"学生街の喫茶店　　　　　 ガロ",http://www.youtube.com/watch?v=SFtJJt9TO18
J,375,この１曲,"戦士の休息　　　　　　　 町田義人",http://www.youtube.com/watch?v=D89nN_fhyCA
J,376,この１曲,"あなただけを　　　　　　 あおい輝彦",http://www.youtube.com/watch?v=lKSiIbTbDcc
J,377,この１曲,"二人の世界　　　　　　　 あおい輝彦",https://www.youtube.com/watch?v=sfcD0EcxX5c
J,378,この１曲,"もしもピアノが弾けたなら 西田敏行",http://www.youtube.com/watch?v=cYYIZ4DNf8Q
J,379,この１曲,"グッド・ナイト・ベイビー ザ・キング・トーンズ",http://www.youtube.com/watch?v=AQImm7grV7w
J,380,この１曲,"みちづれ　　　　　　　　 牧村三枝子",http://www.youtube.com/watch?v=Vs0236Ujsec
J,381,この１曲,"異邦人　　　　　　　　　 久保田早紀",http://www.youtube.com/watch?v=5raK_iAFrn8
J,382,この１曲,"みずいろの手紙　　　　　 あべ静江",http://www.youtube.com/watch?v=PdpgsBxTFvg
J,383,この１曲,"大阪ラプソディー　　　　 海原千里万里",https://www.youtube.com/watch?v=ZMuUlZx4H3s
J,384,この１曲,"霧雨に濡れて　　　　　　 花房てるみ""",https://www.youtube.com/watch?v=W1XBENblzjs
J,385,この１曲,"ふりむかないで　　　　　 ハニー・ナイツ",https://www.youtube.com/watch?v=TaQA6b-Cw44
J,386,この１曲,"大都会　　　　　　　　　 クリスタルキング",https://www.youtube.com/watch?v=3o5J-7vnsGY
J,387,この１曲,"我が良き友よ　　　　　　 かまやつひろし",https://www.youtube.com/watch?v=XExjTr9HYkI
J,388,この１曲,"バスストップ　　　　　　 平浩二",https://www.youtube.com/watch?v=-Arjp4Q-gAo
J,389,この１曲,"無錫旅情　　　　　　　　 尾形大作",https://www.youtube.com/watch?v=EjW4ubz4rVM
J,390,この１曲,"べサメムーチョ　　　　　 桂銀淑",https://www.youtube.com/watch?v=-ARBLU7Egw8
J,391,この１曲,"帰って来たヨッパライ　　 Ｆ・クルセダーズ",https://www.youtube.com/watch?v=HgW5KUyJarw
J,392,この１曲,"さらば恋人　　　　　　　 堺正章",https://www.youtube.com/watch?v=msUyh57-0bs
J,393,この１曲,"街の灯り　　　　　　　　 堺正章",https://www.youtube.com/watch?v=8RxJBv-0ERo
J,394,この１曲,"浪花節だよ人生は　　　　 木村友衛",https://www.youtube.com/watch?v=xOnpINFBKE8
F,401,中島みゆき,糸,http://www.youtube.com/watch?v=hDisMIGEP1U
F,402,中島みゆき,時代,http://www.youtube.com/watch?v=Ry_bpaKDcAo
F,403,中島みゆき,地上の星,http://www.youtube.com/watch?v=v2SlpjCz7uE
F,404,中島みゆき,ファイト！,http://www.youtube.com/watch?v=2IhVWlxQGcg
F,405,中島みゆき,ヘッドライト・テールライト,https://www.youtube.com/watch?v=mBYmBjLcn_4
F,406,中島みゆき,銀の龍の背に乗って,http://www.youtube.com/watch?v=t3bSqTsnEgU
F,407,中島みゆき,"コンサートツアー 2007「歌旅」",https://www.youtube.com/watch?v=jcY6Sd2VvhE
F,408,中島みゆき,"「縁会」2012～2013 ダイジェスト",http://www.youtube.com/watch?v=AT2MTas5X_s
F,411,かぐや姫,神田川,https://www.youtube.com/watch?v=JSgyHiKESGw
F,412,かぐや姫,なごり雪,https://www.youtube.com/watch?v=xYkvJdfn0rc
F,413,かぐや姫,妹,https://www.youtube.com/watch?v=Wp6r6orL66I
F,414,かぐや姫,赤ちょうちん,https://www.youtube.com/watch?v=gtU8vH73Ntw
F,415,かぐや姫,加茂の流れに,https://www.youtube.com/watch?v=_wgWmJtg2Ck
F,416,かぐや姫,22才の別れ,https://www.youtube.com/watch?v=5Cj4UlfzSVc
F,417,かぐや姫,夢一夜,http://www.youtube.com/watch?v=GdXI6nDMWb4
F,418,かぐや姫,"吉田拓郎＆かぐや姫 つま恋 (1975)",https://www.youtube.com/watch?v=oI8ROyMHmhM
F,419,かぐや姫,"復活・かぐや姫 25年目の再会",https://www.youtube.com/watch?v=GF69o01SqIA
F,421,井上陽水,少年時代,http://www.youtube.com/watch?v=dNS4rE2dKJA
F,422,井上陽水,"リバーサイド ホテル",http://www.youtube.com/watch?v=8PxMin2Yz-4
F,423,井上陽水,夢の中へ,http://www.youtube.com/watch?v=lp8LY41Mrec
F,424,井上陽水,傘がない,http://www.youtube.com/watch?v=bnEX9lJACKU
F,425,井上陽水,"夏の終わりのハーモニー (with 安全地帯)",http://www.youtube.com/watch?v=WCSeiSOaHxY
F,426,井上陽水,ジェラシー,http://www.youtube.com/watch?v=O4xx5VqKwQk
F,427,井上陽水,"井上陽水ライブ 1982年3月",https://www.youtube.com/watch?v=85tgpMs7Mxo
F,431,吉田拓郎,結婚しようよ,https://www.youtube.com/watch?v=ryutpbPwrz4
F,432,吉田拓郎,旅の宿,https://www.youtube.com/watch?v=Mqd8ZldAMEs
F,433,吉田拓郎,落陽,https://www.youtube.com/watch?v=CcfsALrWL0k
F,434,吉田拓郎,春だったね,https://www.youtube.com/watch?v=4B0qxYBLY-M
F,435,吉田拓郎,人生を語らず,https://www.youtube.com/watch?v=O_YzOz68m7M
F,441,さだまさし,防人の詩,https://www.youtube.com/watch?v=CZ983Z8j1O8
F,442,さだまさし,無縁坂,https://www.youtube.com/watch?v=q6tnsg07yUk
F,443,さだまさし,精霊流し,https://www.youtube.com/watch?v=2A2XT1sSCmI
F,444,さだまさし,関白宣言,https://www.youtube.com/watch?v=tHFO8E2tlnQ
F,451,松任谷由実,ひこうき雲,https://www.youtube.com/watch?v=SlXL1A7rrxo
F,452,松任谷由実,やさしさに包まれたなら,https://www.youtube.com/watch?v=LfQ0MVIYFnM
F,453,松任谷由実,ルージュの伝言,https://www.youtube.com/watch?v=ZS6eNJPVvoE
F,454,松任谷由実,卒業写真,https://www.youtube.com/watch?v=drP4GpMEtd8
F,455,松任谷由実,守ってあげたい,https://www.youtube.com/watch?v=kQ9gbYURKy4
F,456,松任谷由実,真夏の夜の夢,https://www.youtube.com/watch?v=fxTD_ZIAnH4
F,457,松任谷由実,春よ来い,https://www.youtube.com/watch?v=qX7pFYH9O04
F,458,松任谷由実,"The Concert with old Friends (1996年)",https://www.youtube.com/watch?v=SlXL1A7rrxo
F,459,松任谷由実,"50TH ANNIVERSARY コンサートツアー (2023-2024年)",https://www.youtube.com/watch?v=oHE-2-6V4gQ
F,461,河島英五,酒と泪と男と女,http://www.youtube.com/watch?v=Uxy9Keo_KVc
F,462,河島英五,野風増,http://www.youtube.com/watch?v=Lr5__6CK34o
F,463,河島英五,時代おくれ,http://www.youtube.com/watch?v=vU0AIPSgDdI
F,464,河島英五,生きてりゃいいさ,http://www.youtube.com/watch?v=obnR6Exm5Ac
F,465,河島英五,旅的途上,http://www.youtube.com/watch?v=lYp9JIvAGUw
W,501,ビートルズ,"Let It Be",http://www.youtube.com/watch?v=CGj85pVzRJs
W,502,ビートルズ,Yesterday,http://www.youtube.com/watch?v=wXTJBr9tt8Q
W,503,ビートルズ,"Hey Jude",http://www.youtube.com/watch?v=A_MjCqQoLLA
W,504,ビートルズ,Help!,http://www.youtube.com/watch?v=2Q_ZzBGPdqE
W,505,ビートルズ,"In My Life",http://www.youtube.com/watch?v=QR1CwJTXUIk
W,506,ビートルズ,"Live At Shea Stadium 1965",https://www.youtube.com/watch?v=jInxwU27G30
W,511,E・ピアフ,"バラ色の人生 / La Vie en rose",http://www.youtube.com/watch?v=rzeLynj1GYM
W,512,E・ピアフ,"愛の讃歌（Hymne à l'amour）",http://www.youtube.com/watch?v=QYgVDXUIAuo
W,513,E・ピアフ,ミロール（Milord）,https://www.youtube.com/watch?v=CRVvLLNN5wM
W,514,E・ピアフ,"水に流して（Nonje ne regrette rien）",http://www.youtube.com/watch?v=rzy2wZSg5ZM
W,515,E・ピアフ,ライブハイライト映像,http://www.youtube.com/watch?v=KoYHWgj1Gcs
W,521,Ａ・ウィリアムス,"Moon River（ムーン・リヴァー）",https://www.youtube.com/watch?v=DGzz506bYOQ
W,522,Ａ・ウィリアムス,"Where Do I Begin（ある愛の詩)",https://www.youtube.com/watch?v=Re54uatkOvo
W,523,Ａ・ウィリアムス,"Speak Softly Love（Gファーザー愛のテーマ）",https://www.youtube.com/watch?v=QSfVy4TMM6M
W,524,Ａ・ウィリアムス,君の瞳に恋してる,https://www.youtube.com/watch?v=OtuQDH2Y2Kg
W,525,Ａ・ウィリアムス,マイ・ウエー,https://www.youtube.com/watch?v=VRhK4F9Q9Uw
W,526,Ａ・ウィリアムス,BEST24曲,https://www.youtube.com/watch?v=aiUPCTnlMt8
W,527,Ａ・ウィリアムス,"Live Concert in Tokyo (1988)",https://www.youtube.com/watch?v=pJg-ZO3lRPg
W,531,カリムルー/ボーゲス,"The Phantom of the Opera",http://www.youtube.com/watch?v=8fKKiaSLLEY
W,532,カリムルー/ボーゲス,"The Phantom of the Opera L",https://www.youtube.com/watch?v=_IJ-Dqm9E-8
W,541,Ｈ・ヒューストン,"I Will Always Love You",https://www.youtube.com/watch?v=3JWTaaS7LdU
W,542,Ｈ・ヒューストン,"I Wanna Dance With Somebody",https://www.youtube.com/watch?v=eH3giaIzONA
W,543,Ｈ・ヒューストン,"Greatest Love Of All",https://www.youtube.com/watch?v=IYzlVDlE72w
W,544,Ｈ・ヒューストン,"I Have Nothing",https://www.youtube.com/watch?v=FxYw0XPEoKE
W,545,Ｈ・ヒューストン,"One Moment In Time",https://www.youtube.com/watch?v=96aAx0kxVSA
W,546,Ｈ・ヒューストン,"1991年 スーパーボウル 国歌独唱",https://www.youtube.com/watch?v=_n9bxfxE25Y
W,547,Ｈ・ヒューストン,"1994年 アメリカン・ミュージック・アワード メドレー",https://www.youtube.com/watch?v=NyzTQOBAzI4
W,548,Ｈ・ヒューストン,"2010年 マンチェスター公演（ファイナルコンサート",https://www.youtube.com/watch?v=US782Jc7lnM
W,551,Ｍ・キャリー,"All I Want for Christmas Is You",http://www.youtube.com/watch?v=aAkMkVFwAoo
W,552,Ｍ・キャリー,"We Belong Together",http://www.youtube.com/watch?v=UnO2m2BEXDU
W,553,Ｍ・キャリー,Hero,http://www.youtube.com/watch?v=0IA3ZvCkRkQ
W,554,Ｍ・キャリー,Fantasy,http://www.youtube.com/watch?v=qq09UkPRdFY
W,555,Ｍ・キャリー,"Always Be My Baby",http://www.youtube.com/watch?v=LfRNRymrv9k
W,557,Ｍ・キャリー,"Brighton Pride (2025)",http://www.youtube.com/watch?v=qSFD3zT2XN8
W,561,Ｍ・ジャクソン,"Billie Jean",https://www.youtube.com/watch?v=Zi_XLOBDo_Y
W,562,Ｍ・ジャクソン,"Beat It",https://www.youtube.com/watch?v=oRdxUFDoQe0
W,563,Ｍ・ジャクソン,Thriller,https://www.youtube.com/watch?v=sOnqjkJTMaA
W,564,Ｍ・ジャクソン,"Bad World Tour 1987 (横浜スタジアム公演)",https://www.youtube.com/watch?v=CEbSPtfl4g0
W,565,Ｍ・ジャクソン,"HIStory World Tour 1997 (ミュンヘン公演)",https://www.youtube.com/watch?v=SDDC-QdOR14
I,701,R・クレイダーマン,渚のアデリーヌ,https://www.youtube.com/watch?v=-CFKB8sYTIM
I,702,モーツァルト,"Mozart - Symphony No. 40",http://www.youtube.com/watch?v=-hJf4ZffkoI
I,703,エリック・サティ,"ジムノペディ 第1番",https://www.youtube.com/watch?v=Ka9SMD-TSP4
I,704,ドビュッシー,"月の光 (Clair de Lune)",http://www.youtube.com/watch?v=WNcsUNKlAKw
I,705,ショパン,"夜想曲（ノクターン）第2番 Op.9 No.2",http://www.youtube.com/watch?v=kJMkPdzZvec
I,706,バッハ,G線上のアリア,https://www.youtube.com/watch?v=thQWqRDZj7E
I,707,坂本龍一,"Merry Christmas Mr. Lawrence",https://www.youtube.com/watch?v=F3GhkATxFPA
I,708,ニニ・ロッソ,"夜空のトランペット (Il Silenzio)",https://www.youtube.com/watch?v=rGPkOhCtSpg
I,709,久石譲,Summer,https://www.youtube.com/watch?v=ig7UMYPk3dU
I,710,小松亮太,ラ・クンパルシータ,https://www.youtube.com/watch?v=3bcnthHVMpQ
I,711,Ｌ・Ｉ・タバハラス,マリア・エレナ,https://www.youtube.com/watch?v=aS_c7gHC3WQ
S,801,オリエント急行の旅,フランス～イタリア23時間,https://www.youtube.com/watch?v=7jlZrSmwp54
S,802,雨のマンハッタン,"Rainy Night New York City",https://www.youtube.com/watch?v=FFjWJzCTf4g
S,803,深海・アクアリウム,"Luminous Jellyfish in Blue",https://www.youtube.com/watch?v=ruvgwBffkV0
S,804,宇宙から見た地球,"ISS Live: 24/7 Views of Earth",https://www.youtube.com/watch?v=zuHefM95KN0
S,805,焚き火のゆらぎ,"Night Campfire Forest Stream",https://www.youtube.com/watch?v=1sSNpeUzA8c
L,1001,平成大ヒット,"ＳＡＹ　ＹＥＳ　　　　H3  ＣＨＡＧＥ　ａｎｄ　ＡＳＫＡ",https://www.youtube.com/watch?v=Q9qAyt0G-jM
L,1002,平成大ヒット,"君がいるだけで　　　　H4  米米ＣＬＵＢ",https://www.youtube.com/watch?v=4ApxLvrnouU
L,1003,平成大ヒット,"糸　　　　　　　　　　H4  中島みゆき",https://www.youtube.com/watch?v=VI8zQG-yMMI
L,1004,平成大ヒット,"負けないで　　　　　　H5  ＺＡＲＤ",https://www.youtube.com/watch?v=NCPH9JUFESA
L,1005,平成大ヒット,"ＴＲＵＥ　ＬＯＶＥ　　H5  藤井フミヤ",https://www.youtube.com/watch?v=RvIWD9xV4e8
L,1006,平成大ヒット,"Tomorrow never knows H6 Ｍｒ．Ｃｈｉｌ",https://www.youtube.com/watch?v=Nxwt_s1lM04
L,1007,平成大ヒット,"LOVE LOVE LOE　  H7  ＤＲＥＡＭＳ　ＣＯＭ",https://www.youtube.com/watch?v=kEPznDgVv8w
L,1008,平成大ヒット,"ロビンソン　　　   　H7  スピッツ",https://www.youtube.com/watch?v=51CH3dPaWXc
L,1009,平成大ヒット,"CAN YOU CELEBRATE? H9 安室奈美恵",https://www.youtube.com/watch?v=W_M2QP5fL_I
L,1010,平成大ヒット,"ＨＯＷＥＶＥＲ　　　　H9　ＧＬＡＹ",https://www.youtube.com/watch?v=gPcPseeICjs
L,1011,平成大ヒット,"硝子の少年　　　　　　H9　ＫｉｎＫｉ　Ｋｉｄｓ",https://www.youtube.com/watch?v=TYhWV4H83sU
L,1012,平成大ヒット,"夜空ノムコウ　　　　　H10 ＳＭＡＰ",https://www.youtube.com/watch?v=2hACJAwT4ik
L,1013,平成大ヒット,"Ｆｉｒｓｔ　Ｌｏｖｅ　H11 宇多田ヒカル",https://www.youtube.com/watch?v=o1sUaVJUeB0
L,1014,平成大ヒット,"ＬＯＶＥマシーン　　　H11 モーニング娘。",https://www.youtube.com/watch?v=6A7j6eryPV4
L,1015,平成大ヒット,"ＴＳＵＮＡＭＩ　　　　H12 サザンオールスターズ",https://www.youtube.com/watch?v=a63cIqqbt_8
L,1016,平成大ヒット,"桜坂　　　　　　　　　H12 福山雅治",https://www.youtube.com/watch?v=AGYJ6jeu3p8
L,1017,平成大ヒット,"ＳＥＡＳＯＮＳ　　　　H12 浜崎あゆみ",https://www.youtube.com/watch?v=AuZSyBa6phU
L,1018,平成大ヒット,"Ｅｖｅｒｙｔｈｉｎｇ　H12 ＭＩＳＩＡ",https://www.youtube.com/watch?v=aHIR33pOUv0
L,1019,平成大ヒット,"ｕｌｔｒａ　ｓｏｕｌ　H13 Ｂ’ｚ",https://www.youtube.com/watch?v=Ujb-ZeX7Mo8
L,1020,平成大ヒット,"涙そうそう　　　　　　H13 夏川りみ",https://www.youtube.com/watch?v=5TR1wJCimyk
L,1021,平成大ヒット,"世界に一つだけの花　　H15 ＳＭＡＰ",https://www.youtube.com/watch?v=qZq-q75KeMw
L,1022,平成大ヒット,"ハナミズキ　　　　　　H16 一青窈",https://www.youtube.com/watch?v=Lv9pOboKtjg
L,1023,平成大ヒット,"栄光の架橋　　　　　　H16 ゆず",https://www.youtube.com/watch?v=PRJoAPH0ZGo
L,1024,平成大ヒット,"粉雪　　　　　　　　　H17 レミオロメン",https://www.youtube.com/watch?v=1wxTksLZ1Mw
L,1025,平成大ヒット,"Love so sweet　　 H19 嵐",https://www.youtube.com/watch?v=EAgACSowE5k
L,1026,平成大ヒット,"キセキ　　　　　　　　H20 ＧＲｅｅｅｅＮ",https://www.youtube.com/watch?v=DwTinTO0o9I
L,1027,平成大ヒット,"ありがとう　　　　　　H22 いきものがかり",https://www.youtube.com/watch?v=VZBU8LvZ91Q
L,1028,平成大ヒット,"恋するフォーチュンクッH25 ＡＫＢ４８",https://www.youtube.com/watch?v=dFf4AgBNR1E
L,1029,平成大ヒット,"恋　　　　　　　　　　H28 星野源",https://www.youtube.com/watch?v=jhOVibLEDhA
L,1030,平成大ヒット,"Ｌｅｍｏｎ　　　　　　H30 米津玄師",https://www.youtube.com/watch?v=SX_ViT4Ra7k
L,1101,アニソン,"月光仮面　　　　　　　S33 近藤よし子",https://www.youtube.com/watch?v=GNvTyzJiCbA
L,1102,アニソン,"少年探偵団の歌　　　　S35 上高田少年合唱団",https://www.youtube.com/watch?v=EbWjnaymoeQ
L,1103,アニソン,"鉄腕アトム　　　　　　S38 上高田少年合唱団",https://www.youtube.com/watch?v=l0FDG1DPuH8
L,1104,アニソン,"エイトマン　　　　　　S38 克美しげる",https://www.youtube.com/watch?v=ga80Pz7DxIM
L,1105,アニソン,"スーパージェッター　　S40 上高田少年合唱団",https://www.youtube.com/watch?v=KMS6cjabIcE
L,1106,アニソン,"ウルトラＱのテーマ　　S41 宮内国郎",https://www.youtube.com/watch?v=E3ckDQIyx_U
L,1107,アニソン,"遊星仮面　　　　　　　S41 デューク・エイセス藤田淑子",https://www.youtube.com/watch?v=z4hZPKyUj14
L,1108,アニソン,"ウルトラマン　　　　　S41 みすず児童合唱団",https://www.youtube.com/watch?v=1fz89sEtyEI
L,1109,アニソン,"魔法使いサリー　　　　S41 スリー・グレイセス",https://www.youtube.com/watch?v=dFvM_XSFr8U
L,1110,アニソン,"仮面の忍者　赤影　　　S42 ヴォーカル・ショップ",https://www.youtube.com/watch?v=YAqsEe4p2cc
L,1111,アニソン,"ゲゲゲの鬼太郎　　　　S43 熊倉一雄",https://www.youtube.com/watch?v=qKb-EacV9lQ
L,1112,アニソン,"巨人の星　　　　　　　S43 アンサンブル・ボッカ",https://www.youtube.com/watch?v=-10trdg06YI
L,1113,アニソン,"サザエさん　　　　　　S44 宇野ゆう子",https://www.youtube.com/watch?v=gVa2Azz1FsE
L,1114,アニソン,"アタックＮｏ．１　　　S44 大杉久美子",https://www.youtube.com/watch?v=um9AOm-D46E
L,1115,アニソン,"ひみつのアッコちゃん　S44 岡田恭子",https://www.youtube.com/watch?v=53HlCDICpeg
L,1116,アニソン,"ハクション大魔王　　　S44 嶋崎由理",https://www.youtube.com/watch?v=uepvhiaC3Hc
L,1117,アニソン,"タイガーマスク　　　　S44 新田洋",https://www.youtube.com/watch?v=CgQArKeBZME
L,1118,アニソン,"あしたのジョー　　　　S45 尾藤イサオ",https://www.youtube.com/watch?v=YKK74gbotwI
L,1119,アニソン,"仮面ライダー　　　　　S46 藤浩一（子門真人）",https://www.youtube.com/watch?v=w3-qKDP26xA
L,1120,アニソン,"マジンガーＺ　　　　　S47 水木一郎",https://www.youtube.com/watch?v=kqeRiVhjRAM
L,1121,アニソン,"科学忍者隊ガッチャマンS47 子門真人",https://www.youtube.com/watch?v=0gciVpfFh9Y
L,1122,アニソン,"エースをねらえ！　　　S48 大杉久美子",https://www.youtube.com/watch?v=dIM5RXPAOe0
L,1123,アニソン,"宇宙戦艦ヤマト　　　　S49 ささきいさお",https://www.youtube.com/watch?v=PL_v6LdGSk8
L,1124,アニソン,"アルプスの少女ハイジ　S49 伊集加代子",https://www.youtube.com/watch?v=54NohJbb4mw
L,1125,アニソン,"フランダースの犬　　　S50 大杉久美子",https://www.youtube.com/watch?v=Z-ack_NFz_o
L,1126,アニソン,"キャンディ・キャンディS51 堀江美都子",https://www.youtube.com/watch?v=lMi1Dh8VRYE
L,1127,アニソン,"ルパン三世　　　　　　S52 ピート・マック・ジュニア",https://www.youtube.com/watch?v=_i0BKOSlYok
L,1128,アニソン,"機動戦士ガンダム　　　S54 池田鴻",https://www.youtube.com/watch?v=H1DelNpdvTU
L,1129,アニソン,"銀河鉄道９９９　　　　S54 ゴダイゴ",https://www.youtube.com/watch?v=zd6LF4g-xjs
L,1130,アニソン,"ドラえもん　　　　　　S54 大杉久美子（初代）",https://www.youtube.com/watch?v=s4pgnGqkNEU
L,1131,アニソン,"北斗の拳　　　　　　　S59 クリスタルキング",https://www.youtube.com/watch?v=PWzf-p06GSY
L,1132,アニソン,"シティーハンター　　　S62 ＴＭ　ＮＥＴＷＯＲＫ",https://www.youtube.com/watch?v=zhLdgee_EXk
L,1133,アニソン,"それいけ！アンパンマンS63 ドリーミング",https://www.youtube.com/watch?v=GToNJmSRcnE
L,1134,アニソン,"ちびまる子ちゃん　　　H2  Ｂ．Ｂ．クィーンズ",https://www.youtube.com/watch?v=-r4DIbDe0DM
L,1135,アニソン,"美少女戦士セーラムーンH4  ＤＡＬＩ",https://www.youtube.com/watch?v=6KYk5a93OC8
L,1136,アニソン,"忍たま乱太郎　　　　　H5  光ＧＥＮＪＩ",https://www.youtube.com/watch?v=sFqukrJO5bM
L,1137,アニソン,"エヴァンゲリオン　　　H7  高橋洋子",https://www.youtube.com/watch?v=o6wtDPVkKqI
L,1138,アニソン,"名探偵コナン　　　　　H8  ＴＨＥ　ＨＩＧＨ－ＬＯＷＳ",https://www.youtube.com/watch?v=bKxlPHlLOt4
L,1139,アニソン,"ポケットモンスター　　H9  松本梨香",https://www.youtube.com/watch?v=hMKf5mE3sdo
L,1140,アニソン,"ＯＮＥ　ＰＩＥＣＥ　　H11 きただにひろし",https://www.youtube.com/watch?v=dM7x1PNZDo0
L,1141,アニソン,"鬼滅の刃　　　　　　　H31 ＬｉＳＡ",https://www.youtube.com/watch?v=x1FV6IrjZCY
L,1142,アニソン,"推しの子　　　　　　　R5  ＹＯＡＳＯＢＩ",https://www.youtube.com/watch?v=PgBvV9ofjmA
L,1201,デュエット,"あわて床屋　　　　　　T12 童謡（北原白秋・山田耕筰）",https://www.youtube.com/watch?v=WQPFeQexXoQ
L,1202,デュエット,"旅の夜風　　　　　　　S13 霧島昇・ミス・コロムビア",https://www.youtube.com/watch?v=Fb91k68Ch5c
L,1203,デュエット,"蘇州夜曲　　　　　　　S15 渡辺はま子・霧島昇",https://www.youtube.com/watch?v=raJ-Hc82z8M
L,1204,デュエット,"青い山脈　　　　　　　S24 藤山一郎・奈良光枝",https://www.youtube.com/watch?v=_Byhd5xUnvQ
L,1205,デュエット,"東京ナイト・クラブ　　S34 フランク永井・松尾和子",https://www.youtube.com/watch?v=HndAMHsfwbQ
L,1206,デュエット,"誰よりも君を愛す　　　S34 松尾和子・和田弘とマヒナスター",https://www.youtube.com/watch?v=IeJ9xhoxiaA
L,1207,デュエット,"銀座の恋の物語　　　　S36 石原裕次郎・牧村旬子",https://www.youtube.com/watch?v=xg4D7G6bx28
L,1208,デュエット,"いつでも夢を　　　　　S37 橋幸夫・吉永小百合",https://www.youtube.com/watch?v=elpvPpRnp0o
L,1209,デュエット,"愛して愛して愛しちゃっS40 田代美代子・和田弘とマヒナスタ",https://www.youtube.com/watch?v=M68QOrhn9RY
L,1210,デュエット,"新宿そだち　　　　　　S42 大木英夫・津山洋子",https://www.youtube.com/watch?v=zBf4VistyxE
L,1213,デュエット,"昭和枯れすゝき　　　　S49 さくらと一郎",https://www.youtube.com/watch?v=3V9A7Mhf6fk
L,1214,デュエット,"カナダからの手紙　　　S53 平尾昌晃・畑中葉子",https://www.youtube.com/watch?v=IJkvQa1VQHA
L,1215,デュエット,"別れても好きな人　　　S54 ロス・インディオス＆シルヴィア",https://www.youtube.com/watch?v=A5sFK9hj5y0
L,1217,デュエット,"ふたりの大阪　　　　　S56 都はるみ・宮崎雅",https://www.youtube.com/watch?v=MUfA--6BNZ4
L,1218,デュエット,"３年目の浮気　　　　　S57 ヒロシ＆キーボー",https://www.youtube.com/watch?v=-TuFqVLDxZU
L,1219,デュエット,"居酒屋　　　　　　　　S57 五木ひろし・木の実ナナ",https://www.youtube.com/watch?v=Y7tMPpMW9dc
L,1220,デュエット,"アマン　　　　　　　　S57 菅原洋一・シルヴィア",https://www.youtube.com/watch?v=SNwadN_j9Uw
L,1221,デュエット,"もしかして　ＰＡＲＴ　S57 小林幸子・美樹克彦",https://www.youtube.com/watch?v=alXL2lKYb9s
L,1222,デュエット,"浪花恋しぐれ　　　　　S58 都はるみ・岡千秋",https://www.youtube.com/watch?v=o8HaWWi8908
L,1224,デュエット,"東京めぐり愛　　　　　S59 石川さゆり・琴風豪規",https://www.youtube.com/watch?v=18HszmZgC3k
L,1225,デュエット,"男と女のラブゲーム　　S59 日野美歌・葵司朗",https://www.youtube.com/watch?v=dkR-Ba4T484
L,1226,デュエット,"泣きながら夢を見て　　S60 佳山明生・貴美代",https://www.youtube.com/watch?v=j7hFjLB0VWI
L,1227,デュエット,"夏ざかりほの字組　　　S60 Ｔｏｓｈｉ　＆　Ｎａｏｋｏ（田",https://www.youtube.com/watch?v=_V9IGjr0y1g
L,1228,デュエット,"今夜は離さない　　　　S61 橋幸夫・安倍里葎子",https://www.youtube.com/watch?v=zeMnMBYbQno
L,1229,デュエット,"北空港　　　　　　　　S62 桂銀淑・浜圭介",https://www.youtube.com/watch?v=egJPbfcKw6A
L,1230,デュエット,"ロンリー・チャップリンS62 鈴木聖美　ｗｉｔｈ　Ｒａｔｓ",https://www.youtube.com/watch?v=L_63IMK4Nlo
L,1231,デュエット,"世界中の誰よりきっと　H4  中山美穂　＆　ＷＡＮＤＳ",https://www.youtube.com/watch?v=hV3fVD4Ue_w
L,1232,デュエット,"愛が生まれた日　　　　H6  藤谷美和子・大内義昭",https://www.youtube.com/watch?v=wRXfPArYypw
L,1233,デュエット,"奇跡の地球（ほし）　　H7  桑田佳祐　＆　櫻井和寿",https://www.youtube.com/watch?v=6rF9ek06n9w
L,1234,デュエット,"ＷＩＮＤＩＮＧ　ＲＯＡH19 絢香　×　コブクロ",https://www.youtube.com/watch?v=mE_jH0J0ClA
L,1235,デュエット,"そばにいるね　　　　　H20 青山テルマ　ｆｅａｔ．　Ｓｏｕ",https://www.youtube.com/watch?v=M80XXxMKFWw
L,1236,デュエット,"Ｌｏｖｅ　ＦｏｒｅｖｅH21 加藤ミリヤ　×　清水翔太",https://www.youtube.com/watch?v=A4f2V6F4kH4
,1237,デュエット,"二人の世界　　　　　　H22 山口かおる・浜圭介",https://www.youtube.com/watch?v=azgZH8wvAP4
L,1238,デュエット,"打上花火　　　　　　　H29 ＤＡＯＫＯ　×　米津玄師",https://www.youtube.com/watch?v=SX_ViT4Ra7k
L,1301,ムードコーラス,"誰よりも君を愛す　　　S34 和田弘とマヒナスターズ",https://www.youtube.com/watch?v=ERpaSpGs7vo
L,1302,ムードコーラス,"好きだった　　　　　　S34 和田弘とマヒナスターズ",https://www.youtube.com/watch?v=GS4vJPsxDmY
L,1303,ムードコーラス,"お座敷小唄　　　　　　S39 和田弘とマヒナスターズ",https://www.youtube.com/watch?v=qvVcOqA_Ijg
L,1305,ムードコーラス,"泣きぼくろ　　　　　　S40 和田弘とマヒナスターズ",https://www.youtube.com/watch?v=TMDNIUtacC0
L,1306,ムードコーラス,"ラブユー東京　　　　　S41 ロス・プリモス",https://www.youtube.com/watch?v=ePFky6BHqNY
L,1307,ムードコーラス,"雨の銀座　　　　　　　S42 ロス・プリモス",https://www.youtube.com/watch?v=ePFky6BHqNY
L,1308,ムードコーラス,"小樽のひとよ　　　　　S42 鶴岡雅義と東京ロマンチカ",https://www.youtube.com/watch?v=l8-hLbvLL8g
L,1309,ムードコーラス,"たそがれの銀座　　　　S43 ロス・プリモス",https://www.youtube.com/watch?v=ePFky6BHqNY
L,1310,ムードコーラス,"城ヶ崎ブルース　　　　S43 ロス・プリモス",https://www.youtube.com/watch?v=ePFky6BHqNY
L,1311,ムードコーラス,"さようならは五つのひらS43 ロス・プリモス",https://www.youtube.com/watch?v=YcGseNxqofs
L,1312,ムードコーラス,"知りすぎたのね　　　　S43 ロス・インディオス",https://www.youtube.com/watch?v=A5sFK9hj5y0
L,1313,ムードコーラス,"コモエスタ赤坂　　　　S43 ロス・インディオス",https://www.youtube.com/watch?v=38sWbG_FXDs
L,1314,ムードコーラス,"旅路のひとよ　　　　　S43 鶴岡雅義と東京ロマンチカ",https://www.youtube.com/watch?v=-nbss1Chh6o
L,1315,ムードコーラス,"長崎は今日も雨だった　S44 内山田洋とクール・ファイブ",https://www.youtube.com/watch?v=YVo6E8x4anE
L,1316,ムードコーラス,"君は心の妻だから　　　S44 鶴岡雅義と東京ロマンチカ",https://www.youtube.com/watch?v=UMScseay6d8
L,1317,ムードコーラス,"北国の町　　　　　　　S44 鶴岡雅義と東京ロマンチカ",https://www.youtube.com/watch?v=SSJyQG0aEJk
L,1318,ムードコーラス,"くちづけ　　　　　　　S44 鶴岡雅義と東京ロマンチカ",https://www.youtube.com/watch?v=IJkvQa1VQHA
L,1319,ムードコーラス,"噂の女　　　　　　　　S45 内山田洋とクール・ファイブ",https://www.youtube.com/watch?v=PU8asm8sMUI
L,1320,ムードコーラス,"夜の銀狐　　　　　　　S46 森雄二とサザンクロス",https://www.youtube.com/watch?v=8Qizg0qpK8s
L,1321,ムードコーラス,"ふりむかないで　　　　S46 ハニー・ナイツ",https://www.youtube.com/watch?v=TaQA6b-Cw44
L,1322,ムードコーラス,"そして神戸　　　　　　S47 内山田洋とクール・ファイブ",https://www.youtube.com/watch?v=rtdBBOXJ7Ys
L,1323,ムードコーラス,"おまえに　　　　　　　S47 敏いとうとハッピー＆ブルー",https://www.youtube.com/watch?v=tCD3p0wOjYY
L,1324,ムードコーラス,"宗右衛門町ブルース　　S47 平和勝次とダークホース",https://www.youtube.com/watch?v=gvmmG307y8c
L,1325,ムードコーラス,"中の島ブルース　　　　S48 秋庭豊とアローナイツ",https://www.youtube.com/watch?v=EVaLZ-dnxEA
L,1326,ムードコーラス,"なみだの操　　　　　　S48 殿さまキングス",https://www.youtube.com/watch?v=zLOhwvvMN2g
L,1327,ムードコーラス,"わたし祈ってます　　　S49 敏いとうとハッピー＆ブルー",https://www.youtube.com/watch?v=23SuaGv2GGo
L,1328,ムードコーラス,"中の島ブルース　　　　S50 内山田洋とクール・ファイブ",https://www.youtube.com/watch?v=M8-pqLIimfs
L,1329,ムードコーラス,"献身　　　　　　　　　S50 秋庭豊とアローナイツ",https://www.youtube.com/watch?v=OJiMPvJE8pw
L,1330,ムードコーラス,"東京砂漠　　　　　　　S51 内山田洋とクール・ファイブ",https://www.youtube.com/watch?v=7kdv95rkElk
L,1331,ムードコーラス,"意気地なし　　　　　　S51 森雄二とサザンクロス",https://www.youtube.com/watch?v=3QujwOJs5uc
L,1333,ムードコーラス,"足手まとい　　　　　　S52 森雄二とサザンクロス",https://www.youtube.com/watch?v=nWxBYkZ0fUI
L,1334,ムードコーラス,"流氷　　　　　　　　　S52 秋庭豊とアローナイツ",https://www.youtube.com/watch?v=HOkSmbG-cIA
L,1335,ムードコーラス,"よせばいいのに　　　　S54 敏いとうとハッピー＆ブルー",https://www.youtube.com/watch?v=yKymLwcNuKk
L,1336,ムードコーラス,"別れても好きな人　　　S54 ロス・インディオス＆シルヴィア",https://www.youtube.com/watch?v=Gx8EB43E2OM
L,1337,ムードコーラス,"献身（※カバー版）　　S54 森雄二とサザンクロス",https://www.youtube.com/watch?v=CH2cR9BHZhc
L,1338,ムードコーラス,"星降る街角　　　　　　S56 敏いとうとハッピー＆ブルー",https://www.youtube.com/watch?v=23SuaGv2GGo
L,1339,ムードコーラス,"それぞれの夜　　　　　S57 ロス・インディオス",https://www.youtube.com/watch?v=38sWbG_FXDs
L,1401,青春歌謡,"僕は泣いちっち　　　　S34 守屋浩",https://www.youtube.com/watch?v=PozJNqwXvDA
L,1402,青春歌謡,"上を向いて歩こう　　　S36 坂本九",https://www.youtube.com/watch?v=ip2U3w6b9rU
L,1403,青春歌謡,"寒い朝　　　　　　　　S37 吉永小百合",https://www.youtube.com/watch?v=0jknQa9Ipws
L,1404,青春歌謡,"いつでも夢を　　　　　S37 橋幸夫・吉永小百合",https://www.youtube.com/watch?v=0jknQa9Ipws
L,1405,青春歌謡,"高校三年生　　　　　　S38 舟木一夫",https://www.youtube.com/watch?v=jnNvTTDZJvc
L,1406,青春歌謡,"学園広場　　　　　　　S38 舟木一夫",https://www.youtube.com/watch?v=iRL3Jcg5E5w
L,1407,青春歌謡,"修学旅行　　　　　　　S38 舟木一夫",https://www.youtube.com/watch?v=0C2GRSlsOEc
L,1408,青春歌謡,"美しい十代　　　　　　S38 三田明",https://www.youtube.com/watch?v=j_UQvvjLbbs
L,1409,青春歌謡,"見上げてごらん夜の星をS38 坂本九",https://www.youtube.com/watch?v=N4hh28_hdD8
L,1410,青春歌謡,"君だけを　　　　　　　S39 西郷輝彦",https://www.youtube.com/watch?v=lgq1F9gQuGM
L,1411,青春歌謡,"若い港　　　　　　　　S39 三田明",https://www.youtube.com/watch?v=VBayWTzCygU
L,1414,青春歌謡,"若者たち　　　　　　　S41 ザ・ブロードサイド・フォー",https://www.youtube.com/watch?v=v7v5TGngTXw
L,1415,青春歌謡,"雨の中の二人　　　　　S41 橋幸夫",https://www.youtube.com/watch?v=c4dpoWNcZms
L,1416,青春歌謡,"星のフラメンコ　　　　S41 西郷輝彦",https://www.youtube.com/watch?v=lgq1F9gQuGM
L,1417,青春歌謡,"星娘　　　　　　　　　S41 西郷輝彦",https://www.youtube.com/watch?v=lgq1F9gQuGM
L,1418,青春歌謡,"若者たち　　　　　　　S41 森田健作",https://www.youtube.com/watch?v=Adm39lJ65LQ
L,1419,青春歌謡,"さらば涙と言おう　　　S46 森田健作",https://www.youtube.com/watch?v=eTeHM-eompg
L,1420,青春歌謡,"太陽がくれた季節　　　S47 青い三角定規",https://www.youtube.com/watch?v=Ydam47WMgtI
L,1421,青春歌謡,"友達よ泣くんじゃない　S47 森田健作",https://www.youtube.com/watch?v=Ynk6gbPT0J4
L,1422,青春歌謡,"ふれあい　　　　　　　S49 中村雅俊",https://www.youtube.com/watch?v=xypH-qVnfls
L,1423,青春歌謡,"帰らざる日のために　　S49 いずみたくシンガーズ",https://www.youtube.com/watch?v=DplDozaJlIE
L,1424,青春歌謡,"若き獅子たち　　　　　S51 西城秀樹",https://www.youtube.com/watch?v=sEiFcvn0VW4
L,1425,青春歌謡,"時代遅れの恋人たち　　S53 中村雅俊",https://www.youtube.com/watch?v=DrsIxmsrhEw
L,1426,青春歌謡,"贈る言葉　　　　　　　S54 海援隊（武田鉄矢）",https://www.youtube.com/watch?v=lWoxIggLBck
L,1427,青春歌謡,"セーラー服と機関銃　　S56 薬師丸ひろ子",https://www.youtube.com/watch?v=Wgw1A-P_8zM
L,1428,青春歌謡,"ヒーロー　　　　　　　S59 麻倉未稀",https://www.youtube.com/watch?v=f68vI135oMQ
L,1429,青春歌謡,"摩天楼ブルース　　　　S59 中河内雅貴（東京ＪＡＰ）",https://www.youtube.com/watch?v=hnakezlR71c
L,1430,青春歌謡,"白い炎　　　　　　　　S60 斉藤由貴",https://www.youtube.com/watch?v=TaMj7vnf6Hg
L,1431,青春歌謡,"空も飛べるはず　　　　H10 スピッツ",https://www.youtube.com/watch?v=h-kQw4JqCHE
L,1432,青春歌謡,"３月９日　　　　　　　H16 レミオロメン",https://www.youtube.com/watch?v=UNRJyBHziX4
L,1433,青春歌謡,"栄光の架橋　　　　　　H16 ゆず",https://www.youtube.com/watch?v=PRJoAPH0ZGo
L,1434,青春歌謡,"証（あかし）　　　　　H23 ｆｌｕｍｐｏｏｌ",https://www.youtube.com/watch?v=bjwv4m-Aji4
L,1435,青春歌謡,"Ｍｅｌａ！　　　　　　R2  緑黄色社会",https://www.youtube.com/watch?v=aRDURmIYBZ4
L,1501,山岳歌謡,"ふじの山　　　　　　　M44 文部省唱歌",https://www.youtube.com/watch?v=Wvxk16-IcBM
L,1502,山岳歌謡,"ハイ・ホー　　　　　　S12 ディズニー『白雪姫』挿入歌",https://www.youtube.com/watch?v=fwXoeTaQb5U
L,1503,山岳歌謡,"夏の思い出　　　　　　S24 藤山一郎",https://www.youtube.com/watch?v=D5l5fIb7xEY
L,1504,山岳歌謡,"おお牧場はみどり　　　S24 チェコ民謡",https://www.youtube.com/watch?v=6XfHIz8hIvk
L,1505,山岳歌謡,"青い山脈　　　　　　　S24 藤山一郎",https://www.youtube.com/watch?v=P-QUP13GAeA
L,1506,山岳歌謡,"高原列車は行く　　　　S29 岡本敦郎",https://www.youtube.com/watch?v=NP_Qf6Gcv4Y
L,1507,山岳歌謡,"ピクニック　　　　　　S29 アメリカ民謡",https://www.youtube.com/watch?v=uQHyD4ndTRU
L,1508,山岳歌謡,"エーデルワイス　　　　S34 『サウンド・オブ・ミュージック",https://www.youtube.com/watch?v=lJG3Vw8uIro
L,1509,山岳歌謡,"雪山讃歌　　　　　　　S34  ダークダックス",https://www.youtube.com/watch?v=CEF6TfwkuLo
L,,山岳歌謡,"雪山讃歌解説　　　　　（S4  京大山岳部の歌）",https://www.youtube.com/watch?v=LJu1HCg2qfQ
L,1510,山岳歌謡,"山男の歌　　　　　　　 S35 ダークダックス",https://www.youtube.com/watch?v=xPvcXNFc16U
L,1511,山岳歌謡,"アルプス一万尺　　　　S35 アメリカ民謡",https://www.youtube.com/watch?v=6a1fZajHE3U
L,1512,山岳歌謡,"知床旅情　　　　　　　S45 加藤登紀子",https://www.youtube.com/watch?v=d2fIZ5N6Za0
L,1513,山岳歌謡,"森のくまさん　　　　　S47 アメリカ民謡",https://www.youtube.com/watch?v=dwatp0BlvLM
L,1514,山岳歌謡,"おしえて　　　　　　　S49 伊集加代子『ハイジ』",https://www.youtube.com/watch?v=54NohJbb4mw
L,1515,山岳歌謡,"与作　　　　　　　　　S53 北島三郎",https://www.youtube.com/watch?v=R45N2MCI85g
L,1516,山岳歌謡,"坊がつる讃歌　　　　　S53 芹洋子",https://www.youtube.com/watch?v=Xir6cC8m6qc
L,1517,山岳歌謡,"さんぽ（トトロ）　　　  S63 井上あずみ『トトロ』",https://www.youtube.com/watch?v=un5TduaacW8
L,1518,山岳歌謡,"晴れたらいいね　　　　H4  DREAMS COME TRU",https://www.youtube.com/watch?v=7Ckm1g_V3HU
L,1601,戦前唱歌・流行歌,"美しき天然　　　　　　M33 文部省唱歌",https://www.youtube.com/watch?v=fH452_GePEY
L,1602,戦前唱歌・流行歌,"花　　　　　　　　　　M33 文部省唱歌",https://www.youtube.com/watch?v=sLjMi1UEOqc
L,1603,戦前唱歌・流行歌,"荒城の月　　　　　　　M34 文部省唱歌",https://www.youtube.com/watch?v=5nUDOW8N7Bo
L,1604,戦前唱歌・流行歌,"われは海の子　　　　　M43 文部省唱歌",https://www.youtube.com/watch?v=-c4IlEeLqQo
L,1605,戦前唱歌・流行歌,"ふるさと　　　　　　　M44 文部省唱歌",https://www.youtube.com/watch?v=p1eZ8sIDF1A
L,1606,戦前唱歌・流行歌,"もみじ　　　　　　　　M44 文部省唱歌",https://www.youtube.com/watch?v=dkCEzluSsRs
L,1607,戦前唱歌・流行歌,"春の小川　　　　　　　M45 文部省唱歌",https://www.youtube.com/watch?v=kuoCJQU3sGs
L,1608,戦前唱歌・流行歌,"冬景色　　　　　　　　T2  文部省唱歌",https://www.youtube.com/watch?v=rC_AguZxxhg
L,1609,戦前唱歌・流行歌,"朧月夜　　　　　　　　T3  文部省唱歌",https://www.youtube.com/watch?v=djNC73V-X0c
L,1610,戦前唱歌・流行歌,"カチューシャの歌　　　T3  松井須磨子",https://www.youtube.com/watch?v=TiMpE83f8GM
L,1611,戦前唱歌・流行歌,"ゴンドラの唄　　　　　T4  松井須磨子",https://www.youtube.com/watch?v=_qwZjtz7Udg
L,1612,戦前唱歌・流行歌,"浜辺の歌　　　　　　　T5  文部省唱歌（叙情歌）",https://www.youtube.com/watch?v=elRaVDyMsBY
L,1613,戦前唱歌・流行歌,"かなりや　　　　　　　T7  童謡（西條八十・成田為三）",https://www.youtube.com/watch?v=t_iPiul25D0
L,1614,戦前唱歌・流行歌,"赤い靴　　　　　　　　T10 童謡",https://www.youtube.com/watch?v=MMFkZSKlASM
L,1615,戦前唱歌・流行歌,"船頭小唄　　　　　　　T12 鳥取春陽　ほか（流行歌）",https://www.youtube.com/watch?v=mG5CWfV4KBk
L,1616,戦前唱歌・流行歌,"ペチカ　　　　　　　　T13 童謡",https://www.youtube.com/watch?v=83cty6JyaJA
L,1617,戦前唱歌・流行歌,"赤とんぼ　　　　　　　S2  童謡",https://www.youtube.com/watch?v=THoFCcUtUtM
L,1618,戦前唱歌・流行歌,"波浮の港　　　　　　　S3  佐藤千夜子　／　藤原義江",https://www.youtube.com/watch?v=lZDjiCdoXBI
L,1619,戦前唱歌・流行歌,"東京行進曲　　　　　　S4  佐藤千夜子",https://www.youtube.com/watch?v=Sss-MRxlgZQ
L,1620,戦前唱歌・流行歌,"影を慕いて　　　　　　S6  藤山一郎",https://www.youtube.com/watch?v=b4FhvO2nJhQ
L,1621,戦前唱歌・流行歌,"酒は涙か溜息か　　　　S6  藤山一郎",https://www.youtube.com/watch?v=jEZIj5yg4WI
L,1622,戦前唱歌・流行歌,"東京音頭　　　　　　　S8  小唄勝太郎三島一声",https://www.youtube.com/watch?v=jVz3XpXs0EI
L,1623,戦前唱歌・流行歌,"赤城の子守唄　　　　　S9  東海林太郎",https://www.youtube.com/watch?v=XR7GhkOgjGU
L,1624,戦前唱歌・流行歌,"東京ラプソディ　　　　S11 藤山一郎",https://www.youtube.com/watch?v=gFPpUZl05Qg
L,1625,戦前唱歌・流行歌,"別れのブルース　　　　S12 淡谷のり子",https://www.youtube.com/watch?v=d3wPTUQk3EE
L,1626,戦前唱歌・流行歌,"上海ブルース　　　　　S13 ディック・ミネ",https://www.youtube.com/watch?v=plKqB3czdPo
L,1627,戦前唱歌・流行歌,"一杯のコーヒーから　　S14 霧島昇ミス・コロムビア",https://www.youtube.com/watch?v=nz-UNcT-W7E
L,1701,軍歌・大陸歌謡,"抜刀隊　　　　　　　　M18 シャルル・ルルー",https://www.youtube.com/watch?v=xTepkTjOP88
L,1702,軍歌・大陸歌謡,"雪の進軍　　　　　　　M28 永井建子",https://www.youtube.com/watch?v=afRGnWZeedo
L,1703,軍歌・大陸歌謡,"軍艦行進曲（マーチ）　M33 瀬戸口藤吉",https://www.youtube.com/watch?v=A75AQgDBtJI
L,1704,軍歌・大陸歌謡,"戦友　　　　　　　　　M38 小野清子",https://www.youtube.com/watch?v=gH9W0oVCjRA
L,1705,軍歌・大陸歌謡,"歩兵の本領　　　　　　M44 陸軍戸山学校軍楽隊",https://www.youtube.com/watch?v=vdhWycncDuk
L,1706,軍歌・大陸歌謡,"馬賊の歌　　　　　　　T11 真島清利",https://www.youtube.com/watch?v=YK3GYuo3rUE
L,1707,軍歌・大陸歌謡,"討匪行（とうひこう）　S7  藤原義江　／　霧島昇",https://www.youtube.com/watch?v=pOcRBir9VA0
L,1708,軍歌・大陸歌謡,"国境の町　　　　　　　S9  東海林太郎",https://www.youtube.com/watch?v=qGVuMuDfESs
